Settlements.Settlement.text.town_LL1	Тор Літанэль — сталіца ляснога эльфійскага гаспадарства эоніраў, у Вобласьці Сонца ў цэнтры Лаўрэлорну. Гэта рэдкі ацалелы прыклад старажытнай архітэктуры высокіх эльфаў. За гарадзкімі мурамі з дапамогаю магіі гадуюць экзатычныя пладовыя й арэхавыя дрэвы. Вялізныя самацветы амаль на кожным будынку ўтрымліваюць душы памерлых эльфаў, назаўжды зьняволеныя ў стазісе, каб уратаваць іх ад паглынаньня Хаосам. Здалёк гэтыя камяні душаў ловяць сьвятло й прымушаюць горад зьзяць. Людзі, што падыходзілі дастаткова блізка, каб убачыць веліч Тор Літанэлю, празвалі яго Шкляным Горадам.
Settlements.Settlement.text.village_LL1_1	Ісьцін Ваул Мэнлуіт Хайш, вядомы сьмяротным як Вясёлкавы Вадаспад, — малы эльфійскі хутар на мяжы Вобласьцяў Сонца й Марозу. Абломкі магутных абэліскаў старажытнай эльфійскай магіі ўпалі ў воды вадаспаду й насыцілі яго ўсімі васьмю Вятрамі Магіі, сугучнымі з суседнімі шляхавымі камянямі. Шмат вучняў Ваула зьбіраецца пад вадаспадам і выкарыстоўвае насычаную ваду, вецер Хамон і слабую форму Акшы, каб халоднаю коўкаю ствараць выдатную зброю й панцыры.
Settlements.Settlement.text.village_LL1_2	Густы гай лістоўніц і піхтаў каля Тор Літанэлю сьвяты для прыхільнікаў Сарыэля, бога сноў. Утаптаныя сьцежкі раптам абрываюцца ля шляхавых камянёў на ўскрайку. За абвіслымі галінамі пад заслонамі лішайніку пануе цяжкая злавесная цемра. Пілігрымы-эоніры баяцца тутэйшых духаў і аддаюць перавагу мэдытацыі дзеля сонных відзежаў на ўскрайку. У цэнтры гайку ляжыць зарослы разбураны амфітэатар, старэйшы за эльфійскіх каляністаў. Каралева Лаўрэлорну ведае, што гэта насамрэч партал Старажытных у далёкі Авэлорн праз таемнае вымярэньне «Соньлівы Лес». Аднак партал пашкоджаны, праз што Соньлівы Лес нестабільны й пераход у Авэлорн немагчымы.
Settlements.Settlement.text.village_LL1_3	Фантан Лебіна — вёска каля Тор Літанэлю. Яна мае выключна выгаднае становішча ў вялізнай каменнай катлавіне, якая ачышчае апаганеную рачную ваду з-за Даліны Роспачы. Гэтыя чыстыя воды робяць навакольныя землі багатымі й урадлівымі, сілкуюць пасевы й дрэвы, забясьпечваючы патрэбы эоніраў.
Settlements.Settlement.text.town_LL2	Се-Атыл — вартавая вежа эоніраў на скале над Морам Кіпцюроў. Гэта горды сымбаль культуры асураў, продкаў эоніраў. Велізарная вышыня дазваляе магічна назіраць надвор'е аж да Альбіёну, а таксама пільнаваць Затопленыя Лясы на поўдні — прытулак людзей-мутантаў. Калі Морсьліб расьце, высокія прылівы затапляюць прыбярэжны лес, пакідаючы саланаватыя балоты й скамянелыя дрэвы, прыдатныя для балотных дэманаў. Вежа таксама служыць арыенцірам імперскім маракам, што плаваюць уздоўж берагу паміж Марыенбургам і Нордляндам. У Се-Атыле жыве Кая Фанмарыс, Захавальніца Бураў і вікарыюс Высокай Рады Лаўрэлорну, якую ў Вэйстляндзе называюць Буравай Ведзьмай.
Settlements.Settlement.text.castle_village_LL2_1	Сарыэльрайн — эонірскае селішча на сьцежцы ўздоўж узьбярэжжа Лаўрэлорну. Вільготны вецер з Мора Кіпцюроў стварае ідэальныя ўмовы для моцных дрэваў і буйнейшых, чым звычайна, пладоў.
Settlements.Settlement.text.castle_village_LL1_2	Скала Фарысара — рыбацкая вёска на скалістым узьбярэжжы Мора Кіпцюроў. Гэта першы прыпынак імперскіх караванаў на дарозе на поўнач ад Лаўрэлорну. Тутэйшыя эоніры здабываюць у моры няскончную колькасьць рыбы, пакідаючы лес некранутым. На паўночным беразе ёсьць пячоры, увайсьці ў якія можна толькі падчас адліву. Эоніры пакідаюць там дары Матлану. Часам норсканскія рабаўнікі хаваюць у іх нарабаванае падчас непагадзі.
Settlements.Settlement.text.castle_village_LL2_3	Ляйхафен прытуліўся ў вусьці Шаўкельну — пабітая вятрамі гавань, афіцыйна залічаная да Нордлянду, хоць тамтэйшыя гаспадары ніколі асабліва не імкнуліся замацаваць свае правы. Далёкае ад сапраўднай імперскай абароны й прыціснутае да межаў Лаўрэлорну селішча здаецца лёгкаю здабычаю. Яно заціснутае паміж набегамі зялёнаскурых з навакольнай дзічы й доўгімі караблямі норсканскіх рабаўнікоў Мора Кіпцюроў. Але Ляйхафен трымаецца, і сваім выжываньнем ён больш абавязаны вострым вушам, чым імперскім мячам. {newline}{newline} Для эльфаў Лаўрэлорну гавань мае вялікае стратэгічнае значэньне. Безь Ляйхафену зьнік бы адзіны надзейны марскі шлях паміж Тор Літанэлем і Се-Атылам, а зь ім — адзіны прамы выхад эоніраў да Мора Кіпцюроў. Узаемная залежнасьць спарадзіла незвычайную ўгоду: эльфы даюць абарону, гавань — свае прыстані, і ніхто не задае лішніх пытаньняў. Угода стала такой зручнай, што невялікая колькасьць эоніраў пасялілася ў самім Ляйхафене. Гэта выклікае зьдзіўленыя позіркі імперскіх купцоў і трывожныя шэпты ў карчмах, хоць мясцовыя даўно перасталі зьвяртаць увагу. {newline}{newline} Селішча хваліцца яшчэ адным бласлаўленьнем. Воды Шаўкельну незвычайна чыстыя — амаль ненатуральна, — і просты люд упарта верыць у іхную гаючую сілу. Пілігрымы й зьнявераныя кажуць пра зьніклыя мутацыі, загоеныя старыя раны й клінкі, асьвечаныя гэтаю вадою, што мацней б'юць апаганеных Хаосам, прапальваючы іхную скрыўленую плоць, нібы кляймо. Ці гэта праўда, забабоны або нешта яшчэ дзіўнейшае, ніводзін вучоны калегіяў пакуль не палічыў патрэбным дасьледаваць. А рыбакі не чакаюць навуковага меркаваньня. «Пляшачкі гайльвасэру» — сьвятой вады, як яны яе празвалі, — прадаюць на кірмашы за цэны, ад якіх пачырванеў бы альтдорфскі аптэкар.
Settlements.Settlement.text.castle_LL2	Нагляднікі Марозу вандруюць, каб даглядаць супольныя лясы й не дапускаць імперскіх пасяленцаў на ўсход ад Дэмсту. Нягледзячы на вандроўны лад жыцьця, іх часта бачаць каля Арот Лорэну. Гэтая эонірская крэпасьць — апора супраць няспынных спробаў Нордлянду далучыць гэтыя землі, а таксама супраць выпадковых ордаў зялёнаскурых і зьвералюдаў.
Settlements.Settlement.text.castle_village_LL3_1	Праз надзвычай вільготны клімат на поўдні Лаўрэлорну склаліся ідэальныя ўмовы для дрэваў і расьлінаў, якія іначай не расьлі б у гэтых шыротах. Эоніры заснавалі Латайн, каб карыстацца новымі багацьцямі лесу.
Settlements.Settlement.text.town_WA1	Марыенбург — адзін з найвялікшых чалавечых гарадоў Старога Сьвету й, магчыма, найбагацейшы; зь ім супернічаюць толькі Альтдорф, Эрэнград, Міральяна й найзаможнейшыя гарады Арабіі. Ён стаіць там, дзе Райк упадае ў Мора Кіпцюроў, і служыць адзіным эфэктыўным шляхам марскога гандлю ў Імперыю й зь яе. Сам горад раскінуўся на выспах, злучаных мастамі й воднымі шляхамі. На поўначы й поўдні недалёка ад берагу стаіць мур Флудмюр, што абараняе ад паводак і сухаземных нападаў. Гэта старажытны мур, першапачаткова збудаваны эльфамі. Сучасныя сьцены шмат разоў узводзілі й перабудоўвалі на старых падмурках, а Дырэкторыя — выканаўчая рада Марыенбургу — выдаткавала вялізныя грошы на абнаўленьне брамаў і рэдутаў. Ад нападаў з Райку й Мананспорцкага Мора горад абараняе моцны флёт. Яшчэ стагодзьдзе таму Вэйстлянд быў адной з пярлінаў Імперыі Сігмара, але пасьля пакаленьняў дабрадушнага занядбаньня з боку імпэратараў марыенбурскія купцы й мяшчане абвясьцілі незалежнасьць. Вільгельм Трэці распачаў некалькі няўдалых паходаў супраць аддзяленьня правінцыі; урэшце незалежнасьць прызналі дамоваю 2429 году. Цяпер Марыенбургам кіруюць заканадаўчы Штадсрад і выканаўчая Дырэкторыя. Пры гэтым «рэспубліканскім» ладзе гандаль няспынна ідзе праз горад, і многія лічаць гэты час залатым векам. Яго абараняюць рэпутацыя амаль некіравальнага гораду, разнастайныя найміцкія сілы, Райк і навакольныя балоты. Аднак новы імпэратар Карл Франц можа захацець зьдзейсьніць тое, чаго ня здолеў ягоны прапрадзед. Брэтонскія герцагі таксама спрабавалі далучыць Марыенбург у мінулым; хто ведае, ці ня зробіць кароль Луэн сваёй спробы пашырыць Куронскія Памежжы?
Settlements.Settlement.text.village_WA1_1	Брукватэр — бедная грамада на беразе Мананспорцкага Мора: некалькі занядбаных хат, струхлелыя заезныя двары ды жменька рыбацкіх халупаў. Гэта адзінае населенае селішча на старажытнай прыбярэжнай дарозе паміж Марыенбургам і Брэтоніяй, таму ягонае існаваньне, відаць, падтрымліваюць толькі купцы й падарожнікі. Таксама ходзяць чуткі, што піраты выкарыстоўваюць навакольле як базу, але афіцыйна пра гэта нічога не сказалі й не зрабілі.
Settlements.Settlement.text.village_WA1_2	Калькат — малы горад на дарозе паміж Імперыяй і Марыенбургам. Ягоныя людзі — вэйстляндцы да мозгу касьцей, але адчуваюць пэўную вернасьць Імперыі й яе багам. Асабліва старажытны й строга артадаксальны тут храм культу Сігмара. Дзякуючы гандлю з заморскімі партнэрамі Марыенбург атрымаў экзатычных жывёлаў з пустыняў Арабіі. Ляндсрад вырашыў утрымліваць і гадаваць іх у Калькаце, каб зьнізіць кошт для будучага гандлю.
Settlements.Settlement.text.village_WA1_3	На беразе Райку ўздоўж мяжы Драквальду ляжыць малы горад Ляйдэнхофен. Людзі тут прыветныя да падарожнікаў і, паводле марыенбурскага звычаю, прымаюць іх у дамах, калі трэба пераначаваць. Горад жыве пераважна з авечак, але падарожнікі з Імперыі ў Марыенбург часта спыняюцца ў адным зь ягоных заезных двароў на набярэжнай.
Settlements.Settlement.text.village_WA1_4	Клесэнь — малая вёска на дарозе паміж Марыенбургам і Жызарэ. Людзі гадуюць авечак дзеля воўны й падзарабляюць, даючы бясьпечны начлег падарожнікам у Марыенбург ці адтуль.
Settlements.Settlement.text.town_WA2	У канцы Старой Паўночнай Дарогі, на беразе Мора Кіпцюроў і мяжы Вэйстлянду з Нордляндам і Мідэнляндам, ляжыць баронства ван Бюрэнаў — апошняга шляхецкага дому старога Вэстэрлянду. Барон кожнаму скажа, што Арнаў і ягоныя людзі — ахоўнікі Вэйстлянду, хоць ужо шмат дзесяцігодзьдзяў ніхто дакладна ня ведае, ад чаго яны бароняць. Сам горад добра ўмацаваны й за гады адбіў шмат норсканскіх атрадаў. Дзяржаўныя ваяры Арнаў — добра навучаныя прафэсіяналы, набраныя з наймітаў і мясцовага рушэньня. Хоць іх зьняважліва клічуць «Паўлінамі» за шыкоўныя мундзіры ад барона, гэта добрыя ваяры, што змагаліся з разбойнікамі, злачынцамі й горшымі пагрозамі на суседніх Паваленых Узгорках.
Settlements.Settlement.text.village_WA2_1	На беразе Мора Кіпцюроў ляжыць Холум. Кажуць, некалі гэта быў вялікі горад, але шмат стагодзьдзяў таму норсканскі набег амаль усё зьнішчыў, пакінуўшы толькі нешматлікіх ацалелых і руіны. Цяпер пра гэта могуць расказаць толькі мясцовыя, занятыя сваімі рамёствамі й рыбалоўствам.
Settlements.Settlement.text.village_WA2_2	На ўскрайку Паваленых Узгоркаў ляжыць земляробчы Харскамп. Людзі вырошчваюць гародніну й збожжа для сябе, а таксама гадуюць авечак і прадаюць воўну ў суседні Арнаў і часта ў Марыенбург.
Settlements.Settlement.text.village_WA2_3	Оствольд — малы горад на мяжы баронства Арнаў і вольнага Марыенбургу. Апроч гэтага, тут сапраўды мала што адметнае. Падарожнікі заўважаць, што Оствольд зручна аддзяляе прыветных вэйстляндцаў ад непрыветных. Паўночныя вэйстляндцы надта часта сутыкаліся зь ліхімі рабаўнікамі з поўначы й махлярамі з поўдня ды ўсходу, каб давяраць чужынцам.
Settlements.Settlement.text.castle_WA3	Фартэца Палёгка — умацаваны маяк праз Мананспорцкае Мора ад мысу Рабаўніка. Ёю валодае й кіруе Вэйстляндзкая імпартна-экспартная біржа ў Марыенбургу, якая трымае тут старосту й прыватны гарнізон. Гэта адносна новае селішча, збудаванае пасьля заняпаду Альмсхофену й разбурэньня ягонага маяка. Большасьць караблёў спыняецца тут, калі прыходзіць занадта позна ўвечары, каб трапіць у Марыенбург. Нямногія заходзяць, маючы намер цалкам абмінуць яго на шляху ў Норску ці Кісьлеў.
Settlements.Settlement.text.castle_village_WA3_1	Горсэль — вялікае салездабыўное селішча Вэйстляндзкай імпартна-экспартнай біржы ў Марыенбургу. Усе жыхары — яе работнікі. Здабыча солі вельмі небясьпечная, таму гарнякі зьнясіленыя, а ў многіх рукі апечаныя сольлю. Горсэль — адна зь нямногіх саляных капальняў Старога Сьвету, што не абапіраюцца на сялянскую ці рабскую працу. Хоць гарнякі могуць скардзіцца на заробкі, яны атрымліваюць адносна добрую плату.
Settlements.Settlement.text.castle_village_WA3_2	Мытня на ўскрайку Лаўрэлорну належыць Вэйстляндзкай імпартна-экспартнай біржы. Яна абкладае падаткам тавары, што ўваходзяць у Вэйстлянд і выходзяць зь яго, таму ўдзень тут звычайна стаяць чэргі купцоў. Усім вядома, што біржа выкарыстоўвае гэтае мыта, каб адбіць у купцоў ахвоту абмінаць Марыенбург.
Settlements.Settlement.text.castle_WA4	Фартэца Бергбрэс пазначае мяжу Вэйстлянду й Брэтоніі. Паводле ўгоды герцага Жызарэ з марыенбурскай Дырэкторыяй, мытняю кіруюць разам вэйстляндзкія мытнікі й Дарожныя Нагляднікі Жызарэ. Яны мусяць забясьпечваць бясьпечны гандаль праз Жызарэскі Праход і ўздоўж Горкіх Балотаў, але славяцца бязьдзейнасьцю, калі ім загадзя належна не «заплаціць». Адсюль і мянушка «Фартэца Выпрасі-Хабар». Мытня — нэўтральная тэрыторыя, але сама фартэца стаіць адразу за мяжою на баку Марыенбургу, таму багаты горад-дзяржава трымае тут моцны гарнізон.
Settlements.Settlement.text.castle_village_WA4_1	Хальсдорф калісьці быў буйным земляробчым горадам сярод урадлівых земляў, блаславёных Таалем добрым надвор'ем. Але адной ночы зямля затрэслася, і балота паглынула большую частку гораду й амаль усе палі. Цяпер гэта забытая грамада сялянаў з запалымі вачыма, пра якую забыліся нават скрупулёзныя вэйстляндзкія зборшчыкі падаткаў.
Settlements.Settlement.text.castle_village_WA4_2	Ля падножжа паўночных Шэрых Гораў, на поўдзень ад Жызарэскага Праходу, ляжыць гарняцкі Эрлах. Гэта адзіная грамада, дзе тэарэтычна маглі б спыніцца падарожнікі па сушы з Райклянду ў Марыенбург, але вёска крыху воддаль ад дарогі й збудаваная вакол шахтавых тунэляў і кар'ераў.
Settlements.Settlement.text.castle_village_WA4_3	Мэрксхайм — забыты куток басэйну Райку на ўскрайку Райквальду. Відаць, праз аддаленасьць Імперыя не спрачалася за ўладу над ім. Людзі як могуць кормяцца ў адасобленым краі, і толькі рэдкія візыты мытнікаў нагадваюць, што іхныя гаспадары сядзяць у Марыенбургу.
