Settlements.Settlement.text.town_RL1	Альтдорф — бадай, найвялікшы горад Імперыі, а можа, і ўсяго вядомага сьвету; памерамі й значнасьцю зь ім супернічаюць толькі Марыенбург, Нульн і Эрэнград. З гэтага вялізнага гораду імпэратар Карл Франц кіруе і Вялікім княствам Райклянд, і Імперыяй Сігмара. Хіба можна знайсьці лепшую сталіцу за горад, заснаваны самім Сігмарам дзьве з паловаю тысячы гадоў таму? Апроч гісторыі, Альтдорф мае выгаднае геаграфічнае становішча як гандлёвы асяродак трох чвэрцяў Імперыі: усе тавары й падарожнікі з Остэрмарку, Талабэклянду, Хохлянду, Шцірлянду, Вісэнлянду й Аверлянду мусяць прайсьці тут, перш чым рушыць уніз Райкам да Марыенбургу й далей. У горадзе таксама месьцяцца шматлікія рыцарскія ордэны, цэнтар Царквы Сігмара й восем імперскіх калегіяў магіі. Нягледзячы на росквіт і значнасьць, Альтдорф неспакойны: перанаселены й гатовы выбухнуць палітычным гвалтам, гэты цудоўны горад і ягоныя службы працуюць на мяжы магчымасьцяў.
Settlements.Settlement.text.village_RL1_1	Фрэдэрхайм — малая райкляндзкая вёска адразу на поўнач ад Альтдорфу, на дарозе Альтдорф — Мідэнхайм. Хоць яна належыць Карлу Францу й уваходзіць у альтдорфскія ўладаньні, імпэратар фактычна перадаў нагляд за ёю культу Шаліі. Гэта адбылося на просьбу культу выдзеліць месца для абнесеных мурам прытулку для хворых і санаторыю.
Settlements.Settlement.text.village_RL1_2	З усходняга боку сутоку Таалю й Райку стаіць вёска Кальдах. Яна адметная найперш тым, што пазначае мяжу Райклянду й Талабэклянду. У астатнім гэта малая земляробчая грамада.
Settlements.Settlement.text.village_RL1_3	Проста на захад ад Альтдорфу, паміж Райкам і каналам Вайсбрук, ляжыць вёска Хахлоф. Яна вядомая сваім гатункам збожжа — хахлофкорнам, які вельмі цэняць за выдатную муку.
Settlements.Settlement.text.town_RL2	Пры зьліцьці Райку й Шыльдэру стаіць Шыльдэрхайм. Пад уладаю графа Робэрта фон Улянда горад служыць важным рачным кірмашом ніжэй за Альтдорф і адным з апошніх прыпынкаў для гандляроў на Райку перад Марыенбургам.
Settlements.Settlement.text.village_RL2_1	Хольтхузэн — горад на захадзе Райклянду, на рацэ Шыльдэр, паміж Айльхартам і Шыльдэрхаймам. Ягоны галоўны тавар — хольтхузэнскія бочкі-хогсхэды, якія па ўсёй Імперыі выкарыстоўваюць для вытрымкі й браджэньня прадуктаў перад адпраўкай. Кажуць, бочкі такія трывалыя, што здольныя зьберагчы зьмесьціва нават ад прамога гарматнага трапленьня. Штогод тут ладзяць Вайнфэст — вялікае сьвята дэгустацыі вінаў, куды пускаюць толькі па запрашэньні. Вядома, яго адсутнасьць не спыняе процьму п'яніцаў і нягоднікаў, што прагнуць бясплатнага віна. Вайнфэст — таксама адзіны час году, калі выносяць Залатую Бочку, у якой нібыта захоўваецца найлепшае віно Імперыі, калі ня ўсяго Старога Сьвету. Празь лясное становішча на горад часта нападаюць зьвералюды. Частаколу й варты звычайна хапае, каб адагнаць пачвараў, але гараджане баяцца дня, калі абарона ня вытрымае. Таму некаторыя пакідаюць бочкі таннага віна на ўскрайку лесу, спрабуючы задобрыць зьвералюдаў данінай. Наўрад ці гэтаму сумнеўнаму звычаю дазволяць існаваць яшчэ доўга.
Settlements.Settlement.text.village_RL2_2	Айльхарт застаецца на мапе дзякуючы папулярнасьці свайго белага віна. Айльхарцкае віно — адно з найлепшых у Райкляндзе, яго цэняць за сьвежы лёгкі смак і слабое пахмельле. Сюды ладзяць рачныя вандроўкі: багатыя купцы й шляхта з Альтдорфу часта плывуць уверх па рацэ каштаваць мясцовыя віны й стравы. Кажуць, шмат жыхароў мае брэтонскія карані; наведнікі часта заўважаюць у іх падобныя рысы твару.
Settlements.Settlement.text.town_RL3	Ля ўваходу ў перавал Укус Сякеры стаіць Хэльмгарт. Пад уладаю маркграфа Райнгарда фон Макензэна гэты горад-крэпасьць служыць і гаспадарчаю, і вайсковаю мяжою паміж Брэтоніяй і Імперыяй. Укус Сякеры — адзін з трох перавалаў праз Шэрыя Горы, таму бясьпека праходу мае першараднае значэньне. Сам Хэльмгарт — гандлёвы горад, абкружаны некалькімі абарончымі мурамі. Адзін зь іх перакрывае ўсю шырыню перавалу, таму кожны мусіць прайсьці празь ягоную адзіную браму ці застацца на брэтонскім або імперскім баку мяжы.
Settlements.Settlement.text.village_RL3_1	Усінген — малая вёска на дарозе паміж Хольтхузэнам і Осбургам. Тут заканчваецца суднаходны для баржаў адцінак Шыльдэру, таму шмат грузаў для Хэльмгарту спачатку прыбывае сюды. Людзі вырошчваюць збожжа ўздоўж ракі й ходзяць у суседнія Шэрыя Горы здабываць руду. Селішча добра прыкрытае мурамі Хэльмгарту й насамрэч баіцца толькі насельнікаў Райквальду.
Settlements.Settlement.text.village_RL3_2	Морленфурт — малая вёска каля вытокаў Бёгену. Яна вядомая срэбнымі капальнямі й невялікаю грамадою дварфаў, што спрыяюць гандлю срэбрам у Райкляндзе.
Settlements.Settlement.text.town_RL4	Бёгенхафэн — значны гандлёвы горад на абодвух берагах Бёгену. Ён стаіць на паўдарозе паміж Альтдорфам і Манфорам, што дазваляе захоўваць гаспадарчую вагу амаль пры любых нягодах. Паўночны бок, вядомы як Яма, — найменшая й найбяднейшая частка гораду. На паўднёвым баку сканцэнтравана большасьць багацьця й усе важныя ўстановы, у тым ліку храмы й ратуша. Гарадзкая рада кіруе ад імя графа Вільгельма фон Сапонатхайма.
Settlements.Settlement.text.village_RL4_1	Ля падножжа перавалу Укус Сякеры ляжыць Осбург — апошняе імперскае селішча перад гандлёвай крэпасьцю Хэльмгарт і мяжою з Брэтоніяй. Усе грузы для Хэльмгарту спачатку мусяць прайсьці праз Осбург, і гэты гандаль робіць мясцовых купцоў даволі заможнымі.
Settlements.Settlement.text.village_RL4_2	На поўнач-паўночны захад ад Бёгенхафэну ляжыць лесанарыхтоўчая вёска Херцхальд. Глыбока ў Райквальдзе яна славіцца якасьцю й даўжынёю свайго бярвеньня, большую частку якога адпраўляюць у Бёгенхафэн і Грунбург для суднабудаваньня.
Settlements.Settlement.text.town_RL5	Уберсрайк — адзін з найважнейшых гандлёвых асяродкаў Райклянду. Ён стаіць паабапал важнага мосту на дарозе з Бёгенхафэну ў Дункельберг. Гандаль ідзе і дарогаю, і ўніз па рацэ да Аўэрсвальду, Грунбургу, Кемпербаду й Альтдорфу. Блізкасьць перавалу Шэрай Лэдзі таксама робіць Уберсрайк ідэальным месцам, дзе купцы, што перасякаюць Шэрыя Горы, могуць перагрузіць тавары з рачнога транспарту на сухаземны й наадварот.
Settlements.Settlement.text.village_RL5_1	Грайсбах — лясная вёска адразу на поўнач ад Уберсрайку. Людзі асьцярожна нарыхтоўваюць суседні лес і вырошчваюць усё, што могуць, на палянах вакол вёскі. Даўно ходзяць трывожныя чуткі пра змрочны маёнтак адразу на ўсходзе, дзе нібыта жыве вялікае зло.
Settlements.Settlement.text.village_RL5_3	На поўдзень ад Уберсрайку ляжыць гарняцкі горад Хюгельдаль. Яго заснавалі праз трыста гадоў пасьля заснаваньня Імперыі для здабычы медзі й жалеза ў Шэрых Гарах. Паводле гарадзкіх запісаў, у 1112 годзе імперскага летазьлічэньня Чорная Чума спустошыла насельніцтва й амаль зьнішчыла горад. Неўзабаве культ Шаліі заснаваў тут прытулак для хворых. Нядоўга пасьля прыходу прыхільнікаў Шаліі стрыганам, якія здаўна часта бывалі ў гэтых мясьцінах, забаранілі ўваходзіць у горад. Тым ня менш яны рэгулярна ставяць табар за частаколам, каб забаўляць мясцовых і гандляваць зь імі.
Settlements.Settlement.text.town_RL6	На паўночным беразе Грысэну стаіць гандлёвы горад Дункельберг. Канал Шціміген дае яму доступ да многіх гандлёвых гарадоў паўднёвага Райклянду. Горад вядомы вясковым духам, які, здаецца, захоўваецца, нягледзячы на ягоны рост. На жаль, блізкасьць Шэрых Гораў выракла Дункельберг на няспынныя набегі гоблінаў. Праз гэта тут значна больш сіротаў, чым у многіх іншых частках Імперыі. Фон Валенштайны забясьпечваюць гэтых дзяцей — прынамсі пакуль тыя працуюць на некалькіх гарадзкіх палетках для адбельваньня палатна.
Settlements.Settlement.text.village_RL6_1	Барфсхайм — малая вёска на Грысэне каля каналу графіні Эмануэль. Яе збожжа часта вывозяць з Райклянду, каб карміць Грысенвальд і Нульн.
Settlements.Settlement.text.village_RL6_2	Штайндорф — малая вёска каля вытокаў Грысэну. Яе людзі адмаўляюцца хадзіць у Шэрыя Горы, што часта засланяюць ім сонца. Хоць карысныя выкапні маглі б прынесьці вялікае багацьце, жыхары апавядаюць пра жахлівы замак у гарах над імі й кажуць, што лепей застануцца ў даліне са сваім збожжам.
Settlements.Settlement.text.castle_RL1	У паўднёвым Форбергляндзе Райклянду стаіць гандлёвы горад Шціміген. Ён ляжыць на Оберы, дзе сустракаюцца каналы Шціміген і Шэрай Лэдзі. Горад асабліва славіцца эрнвальдам — гатункам яблыкаў з салодкім, але даўкім смакам. Іх кладуць у пірагі, печыва, крамблы й сыдар, а таксама ў сумна вядомую мясцовую страву — «пацучына-яблычнае рагу». У Шцімігене жыве шмат паўросьлікаў, якія спэцыялізуюцца на вырошчваньні эрнвальду й вырабах зь яго.
Settlements.Settlement.text.castle_village_RL1_1	Нафдорф — адасобленая вёска ўздоўж каналу Шэрай Лэдзі паміж Шцімігенам і Хюгельдалем. Яе амаль цалкам атачаюць балоты, утвораныя суседнімі рэкамі Тойфель, Обер і Траніг. Насамрэч прычынаў спыняцца тут мала: галоўны тавар вёскі — рыба, якая пераплывае каналамі паміж рэкамі.
Settlements.Settlement.text.castle_village_RL1_2	Тойфельфоер — вёска каля Кемпербаду. Яна адметная хіба тым, што сто гадоў таму тут войскі Райклянду сутыкнуліся з адной з найбуйнейшых ордаў зьвералюдаў, якія выходзілі з Райквальду. Паводле паданьня, калі баявыя чараўнікі кінулі ў пачвараў магічнае полымя, навакольныя дрэвы ўспыхнулі д'ябальскім агнём ненатуральных для гэтага сьвету колераў. Жыхары ганарацца гэтай гісторыяй і часта прадаюць «рэліквіі» гістарычнай бітвы.
Settlements.Settlement.text.castle_RL2	Вялікі вольны горад Кемпербад — буйны гандлёвы горад пры зьліцьці Райку й Шціру. Ён кантралюе гэты адцінак рачнога гандлю й мае вырашальнае значэньне для далейшага гаспадарчага росквіту паўднёвай Імперыі. Горад выкупіў хартыю ў імпэратара Барыса Няздатнага ў 1066 годзе імперскага летазьлічэньня. З таго часу ім наўпрост кіруе Рада Трынаццаці, якая прадстаўляе найбуйнейшых гарадзкіх купцоў і мясцовыя храмы Сігмара й Шаліі.
Settlements.Settlement.text.castle_village_RL2_1	Дзісдорф — малы горад на Райку паміж Альтдорфам і Кемпербадам. Гэта важнае сьвятое месца культу Сігмара: кажуць, Магнус Пабожны некалі выступіў тут з магутнай, натхняльнай прамоваю перад натоўпам слухачоў. Каля шасьцідзесяці гадоў таму імпэратар Вільгельм Трэці заснаваў Дзісдорфскую вайсковую калегію, каб навучаць тых, хто ўжо даказаў свае здольнасьці да камандаваньня ў баі.
Settlements.Settlement.text.castle_village_RL2_2	Лахенбад стаіць на Транігу ля злучэньня каналаў Шэрай Лэдзі й Обер — Шціміген. Хоць вёска займаецца земляробствам, яна таксама служыць домам таленавітага каваля Ўлі й ягонага шматабяцальнага сына Вальтэна.
Settlements.Settlement.text.castle_RL3	Замак Райксгвард — крэпасьць Вялікага ордэну Рыцараў Райксгвардыі. Ён стаіць пры зьліцьці Тойфелю й Райку. За імпэратара Зыгізмунда, калі Райклянду пагражаў Горбад Жалезны Кіпцюр, дварфскія дойліды зноў умацавалі й пашырылі замак. Ён застаецца магутнаю цытадэльлю, здольнаю зьмясьціць сотні жаўнераў і слугаў, і служыць летняю сядзібаю Карла Франца.
Settlements.Settlement.text.castle_village_RL3_1	Вёрліц — рачная вёска пад абаронаю гарнізону замку Райксгвард. Яе людзі вельмі адданыя асабіста імпэратару Карлу Францу, якога многія лічаць пераўвасабленьнем Сігмара. Селішча мае выгаду з гандлю, што ідзе ўніз Райкам да Альтдорфу, Марыенбургу й далей.
Settlements.Settlement.text.castle_village_RL3_2	Грунбург стаіць на Тойфелі. Хоць праз горад ідзе гандаль з каналаў і з Райку на поўначы, галоўная крыніца багацьця — рачныя карабельні, дзе будуюць шмат лодак і баржаў для рэк Райклянду. Горад таксама славіцца бітваю пры Грунбургу, дзе каля паўтысячы гадоў таму нарэшце спынілі наступ орчага вайскавода Горбада Жалезнага Кіпцюра. Поле бітвы асабліва каштоўнае тым, што амаль усе імперскія й орчыя сілы былі коннымі — незвычайная зьява і для тае пары, і для сучаснасьці. Таму некалькі зацікаўленых бакоў распачалі тут раскопкі, і шмат людзей прыходзіць паглядзець на іхную працу.
Settlements.Settlement.text.castle_RL4	Замак Граўэнбург — сядзіба, адкуль граф Вільгельм фон Сапонатхайм кіруе цэнтральным Райкляндам і сваім баронствам. Гэта крэпасьць на Бёгене, якая абараняе Бёгенхафэн і суседнія мясьціны ад нападаў.
Settlements.Settlement.text.castle_village_RL4_1	Вайсбрук стаіць пры злучэньні аднайменнага каналу з Бёгенам. Некалі горад быў важнаю крыніцаю вугалю й жалеза Райклянду. Іх здабыча дала сям'і Грубер сродкі збудаваць канал Вайсбрук, што спрасьціў дастаўку выкапняў на кірмаш. Цяпер капальні пераважна вычарпаныя. Хоць дзякуючы каналу горад усё яшчэ пасьпяхова гандлюе, многія былыя гарнякі засталіся беспрацоўнымі й затрымаліся ў Вайсбруку, дзе п'юць танны алькаголь і чыняць беспарадкі.
Settlements.Settlement.text.castle_village_RL4_2	Адразу на паўднёвы захад ад Альтдорфу ляжыць малая вёска Хайліген. Сама яна нічым не адметная, але побач Бурштынавыя Ўзгоркі, зь вяршыняў якіх адкрываецца цудоўны краявід Альтдорфу.
