Settlements.Settlement.text.town_AZ1	Карак-Азгараз, вядомы як «Цьвярдыня Бясстрашных Сякераў», бедны ў параўнаньні з многімі суседнімі дварфскімі цьвярдынямі. Яго заснавалі над срэбнымі й залатымі жыламі, але яны, на жаль, аказаліся зусім небагатымі. Празь няспынную пагрозу зялёнаскурых кароль Турынгар Сякальнік Оркаў увесь час бароніцца й наступае, на вялікае незадавальненьне даўгабародаў.
Settlements.Settlement.text.village_AZ1_1	Рудня Азрылнар, у перакладзе «Срэбны Ўсход Сонца», здаўна служыць найбагацейшаю крыніцаю срэбра для даві Карак-Азгаразу. Зь яго дварфы вырабляюць вытанчаныя ўпрыгожаньні й адпраўляюць гандлёвыя караваны ў Брэтонію ды Імперыю, наладжваючы сувязі й, што важней, атрымліваючы золата.
Settlements.Settlement.text.village_AZ1_2	Малая застава на ўскрайку гораў, Лангк Мінгол, ці «Доўгая Вартаўнічая Вежа», служыць найлепшым назіральным пунктам для дварфскіх выведнікаў. Яны сочаць за варожымі набегамі, пакуль работнікі ўнізе высякаюць лес на схіле.
Settlements.Settlement.text.castle_AZ1	Дал Дронг, ці Старая Прорва, — малая горная крэпасьць каля расколіны, што здаўна служыць магілаю ўсім, каму хапіла неразважнасьці аблажыць замак. Крэпкія абаронцы-даві ніколі не гублялі цьвярдыні й не зьбіраюцца аддаваць яе нейкім «уркам».
Settlements.Settlement.text.castle_village_AZ1_1	Дал Экрунд, у перакладзе «Старая Лесьвіца», — малая застава, адмыслова прызначаная пільнаваць лесьвіцу ад няпрошаных гасьцей з Падземнага Шляху, каб паганыя істоты не маглі блукаць навокал і рабаваць суседнія лягеры.
Settlements.Settlement.text.castle_village_AZ1_2	Хаз Грунгангаз служыць галоўнаю жалезнаю капальняю Карак-Азгаразу. Таму гэта самая людная застава, якая адначасова служыць лягерам, капальняю й абарончым пунктам на выпадак варожай спробы парушыць пастаўкі.
Settlements.Settlement.text.castle_AZ2	З глыбіні замкавых заляў даносіцца звон мэталу: кавалі даглядаюць рыштунак і саму цьвярдыню. Гук папярэджвае зялёнаскурых, гоблінаў і іншых паганых істотаў, што яны тут не адны. Многія дварфскія вандроўнікі на глыбінных сьцежках празвалі замак Рыказ Унгор, ці «Пячора Малатоў». Назва пакрысе прыжылася сярод гарнізону, які прыняў яе з гонарам.
Settlements.Settlement.text.castle_village_AZ2_1	На самым высокім уступе Гнездавога Піку ляжыць мелкае возера Медзяная Чаша. Сярод суровых і небясьпечных вяршыняў блукаюць патрулі зялёнаскурых, ня ведаючы, што проста над імі стаіць застава дварфскіх рэйнджараў. Тут гадуюць авечак, чыё мяса й воўна кормяць і апранаюць даві Карак-Азгаразу.
Settlements.Settlement.text.castle_village_AZ2_2	Проста насупраць вялікай цьвярдыні Карак-Азгараз ляжыць малая дварфская застава Клінгаклунг. Яе жыхары зьбіраюць для цьвярдыні дровы й матэрыялы для разьбы. Адсюль і назва Клінгаклунг — «Дом Разца».
Settlements.Settlement.text.town_NO1	Найбуйнейшая цьвярдыня Шэрых Гораў — Карак-Норн, што на кхазалідзе азначае «Цьвярдыня Бясплоднай Зямлі». Яна стаіць на лясістай гары, акружанай далінамі. Лічыцца, што гэта першая цьвярдыня, якой кіравала дварфская каралева. Населеная кланамі-перасяленцамі з загінулай цьвярдыні гары Срэбная Дзіда й вартавых вежаў перавалу Шалёнага Сабакі, Карак-Норн ляжыць над адзінымі значнымі пакладамі мэталаў і паўкаштоўных камянёў у Шэрых Горах. Цьвярдыня займае выгаднае стратэгічнае месца: яе верхні ярус бачны на плято высока над лесам Атэль Лорэн.
Settlements.Settlement.text.village_NO1_1	Малая застава для адпачынку на Гранітнай дарозе каля Карак-Норну. На сьцежках сустракаецца шмат авечак.
Settlements.Settlement.text.village_NO1_2	Малалюдная вёска, дзе разам жывуць людзі й дварфы. Тут ёсьць гасьцінны заезны двор. Большасьць жыхароў — шахтары.
Settlements.Settlement.text.village_NO1_3	Небясьпечная мясцовасьць праз жвір і хісткія камяні. Некаторыя дварфскія гільдыі ахоўваюць яе й папярэджваюць падарожнікаў пра небясьпеку.
Settlements.Settlement.text.castle_NO1	Умацаваная дварфская застава Карак-Элгазунд пільнуе дарогу Грагрут. Яна таксама бароніць шахтараў і купцоў на ростанях Карак-Норну ад нападаў зялёнаскурых.
Settlements.Settlement.text.castle_village_NO3_1	Гандлёвы асяродак дварфаў і людзей; на тутэйшым кірмашы шмат медзі.
Settlements.Settlement.text.castle_village_NO1_2	Дварфская вартаўнічая вежа пад аховаю невялікага атраду рэйнджараў, якія патрулююць навакольле. Побач амаль нічога няма, апроч камянёў.
Settlements.Settlement.text.castle_NO2	Умацаваная зброевая кузьня, дзе вырабляюць большасьць зброі Карак-Норну.
Settlements.Settlement.text.castle_village_NO2_1	Заснаваны дварфамі, але населены пераважна людзьмі Топердэйл — квітнеючая вёска, якая прапануе дах і ложак кожнаму падарожніку.
Settlements.Settlement.text.town_ZI1	Карак-Зіфлін — малая дварфская цьвярдыня ў Шэрых Горах, на поўнач ад перавалу Ўкус Сякеры, што падзяляе Брэтонію й Імперыю. Большасьць жыхароў працуе з мэталам, займаючыся рамяством і кавальствам.
Settlements.Settlement.text.village_ZI1_1	Гэтая гандлёвая вёска высечаная ў схіле гары й насамрэч меншая, чым здаецца.
Settlements.Settlement.text.village_ZI1_2	Дварфская земляробчая вёска зь пякарнямі, якія прапануюць пажыўную выпечку.
Settlements.Settlement.text.castle_ZI1	Збудаваная людзьмі вежа над перавалам Крывы Калідор у Шэрых Горах. Яе ўзьвялі на дварфскай зямлі без дазволу. Імпэратар вярнуў яе дварфам, і цяпер яны дазваляюць чалавечаму гарнізону несьці тут службу пад сваім кіраўніцтвам.
Settlements.Settlement.text.castle_village_ZI1_1	Грунг Гандаз — капальня медзі й гліны. У непагадзь яе зачыняюць празь ненадзейную столь і апорныя бэлькі.
Settlements.Settlement.text.castle_village_ZI1_2	Сумеснае селішча людзей і дварфаў, дзе адбываецца большая частка гандлю паміж Вісэнляндам і Карак-Зіфлінам. Жалеза з капальняў прадаюць людзям у абмен на збожжа й мяса.
Settlements.Settlement.text.castle_ZI2	Крэпасьць над перавалам Мандыдзье, якая бароніць гаспадарства ад пагрозаў з Атэль Лорэну й поўдня.
Settlements.Settlement.text.castle_village_ZI2_1	Грунг Ардзуфак — малая жалезная капальня, дзе працуюць дварфскія шахтары.
Settlements.Settlement.text.town_KI1	Карак-Ізор, ці Медзяная Гара, — магутная дварфская цьвярдыня глыбока пад Сховішчамі. Яна была першай і застаецца найбуйнейшай цьвярдыняю па-за Горамі Краю Сьвету; яе насельніцтва павялічылі ўцекачы з загінулых цьвярдыняў Драконавых Гораў. Многія дварфы Сховішчаў і іншых краёў шукаюць у караля й каралевы караку парады й абароны. Распачалося маштабнае будаўніцтва новага Падземнага Шляху, які зьвяжа цьвярдыні Сховішчаў і забясьпечыць бясьпечны гандаль. Праз адасобленасьць селішча бачыла мала войнаў, але ўтрымлівае шырокія магутныя ўмацаваньні, артылерыю й эскадрыльлі гіракаптэраў. У зацішных далінах пад дварфскай аховаю гаспадараць малыя чалавечыя селішчы, такія як Хохштат.
Settlements.Settlement.text.village_KI1_1	Вёска, збудаваная варварскімі людзкімі плямёнамі й даўно пакінутая. Цяпер даві выкарыстоўваюць яе як земляробчае селішча, вырошчваючы збожжа й авёс для дуразброгу — дварфскага каменнага хлеба.
Settlements.Settlement.text.village_KI1_2	Невялікая, але шматабяцальная капальня. Нядаўні пралом у пячору адкрыў вялікую алавяную жылу й яшчэ адну жалезную.
Settlements.Settlement.text.castle_KI1	Умацаванае селішча, якое надзейна бароніць подступы да гаспадарства Карак-Ізор.
Settlements.Settlement.text.castle_village_KI1_1	Добрая капальня з багатымі рудамі. У глыбокіх тунэлях знаходзяць пераважна срэбра й медзь.
Settlements.Settlement.text.castle_KI2	Вялікая цьвярдыня, што ўтварае першую лінію абароны Карак-Ізору. Ніводзін вораг ня пройдзе, пакуль дыхае апошні ўпарты дварф у гэтых залях.
Settlements.Settlement.text.castle_village_KI2_1	Найбуйнейшая капальня Карак-Ізору, Грунг Агрэлітаз, дае вялікую колькасьць якаснай руды.
Settlements.Settlement.text.castle_village_KI2_2	Малое селішча з гарнізонам, чые ўмацаваньні зьнішчылі падчас набегу зялёнаскурыя. Горад пераважна гадуе быдла дзеля мяса.
Settlements.Settlement.text.town_EZ1	Карак-Эксьфілаз — дварфскі карак у пячорах гораў Ірана, на мяжы брэтонскага герцагства Каркасон і земляў Тыліі. Гэта даволі малое гаспадарства, дзе жыве ледзь пяць тысяч дварфаў.
Settlements.Settlement.text.village_EZ1_1	Малая каменяломня мяккага каменю, якую дварфы таксама выкарыстоўваюць як заставу й месца гандлю з суседнім Каркасонам.
Settlements.Settlement.text.village_EZ1_2	Дварфскае жывёлагадоўчае селішча, жыццёва важнае для Карак-Эксьфілазу: ягоныя жыхары пастаўляюць малако й мяса горных коз, якіх у краі вельмі шмат.
Settlements.Settlement.text.castle_EZ1	Хазід Фрукунд — малы форт у гарах Ірана, які належыць дварфскаму гаспадарству Карак-Эксьфілаз. Яго бароняць усяго дзьвесьце трыццаць дварфаў.
Settlements.Settlement.text.castle_village_EZ1_1	Грунг Мізпал — малая дварфская вёска ў даліне, што цягнецца з поўначы на поўдзень праз горы Ірана. Жменька дварфаў зьбірае тут прыпасы для цьвярдыняў вышэй у гарах.
Settlements.Settlement.text.town_KF1	Карак-Каферкамаз — найвышэйшая дварфская цьвярдыня Сховішчаў. Пад уладаю караля Скальфа Рыжабарода яна здабывае ўмеранае багацьце гандлем, руднікамі й мэталаапрацоўкаю. Насельніцтва невялікае, але бясспрэчна працавітае й спраўнае.
Settlements.Settlement.text.village_KF1_1	Срэбная капальня з багатымі жыламі. Тут працуюць усе дварфы малога гаспадарства Карак-Каферкамаз, часта здабываючы пабочна й жалезную руду.
Settlements.Settlement.text.village_KF1_2	Малы чалавечы горад каля перавалу Мандыдзье, які жыве зь земляробства.
Settlements.Settlement.text.town_KH1	Карак-Хірн, на кхазалідзе «Рагавая Цьвярдыня», — найбуйнейшая й найважнейшая дварфская цьвярдыня Чорных Гораў паміж паўночнымі землямі Памежных Князёў і паўднёвай мяжою Імперыі. Цяпер ёю кіруюць кароль Альрык Ранульфсан з клану Дражкарак і ягоная жонка, каралева Вініфэр Фальксэнхэйр. Назва паходзіць ад вялізнай пячоры на вяршыні: вецер, праходзячы празь яе, стварае жахлівы гук, што разносіцца гарамі. Дварфы выкарысталі гэтую прыродную зьяву, збудаваўшы дадатковыя рэзанансныя камэры й вялізныя дзьверы, якія можна адчыняць і зачыняць, зьмяняючы вышыню й працягласьць гуку. Горны рог перадае сыгналы малым гаспадарствам і далёкім гарадам, склікае ваяроў і адпужвае неразумных пачвараў, напрыклад троляў. «Рог Хірну» можа гучаць нават у бязьветраны дзень: вялікае вогнішча ў адмысловай камэры стварае цягу паветра праз цьвярдыню.
Settlements.Settlement.text.village_KH1_1	Малое селішча з круглым пляцам, які дазваляе гуку Рагавой Цьвярдыні адгукацца па ўсім краі.
Settlements.Settlement.text.village_KH1_2	Плято баявых барабанаў, чый рытм гучыць разам з Рагавою Цьвярдыняю. Граць на іх дазволена толькі каралеве й ейным прыслужніцам.
