Settlements.Settlement.text.town_SY1	Былая імперская сталіца Сыльваніі за стагодзьдзі перажыла шмат узрушэньняў. Калісьці тут жыў імперскі граф-электар Ота фон Драк. Пасьля ўзьнікненьня кроўнай лініі фон Карштайнаў замак стаў асяродкам вампірскай улады ў Старым Сьвеце. Ён заплямлены крывёю ўсіх патрыярхаў фон Карштайнаў, што змагаліся за права стаць ягоным наступным гаспадаром. Цяпер тут жыве Манфрэд фон Карштайн. Гэта цёмнае логава жахаў і акультызму. Шукальнікі прыгодаў часта ўрываюцца ў замак, прагнучы завалодаць ягонымі таямніцамі. Большасьць знаходзіць жахлівую сьмерць у праклятых залях.
Settlements.Settlement.text.village_SY1_1	Горад Дракенхоф калісьці лічыўся сьветачам культуры Імперыі. Але пасьля злавеснага захопу Сыльваніі графамі-вампірамі высокія шпілі замку Дракенхоф, што раней натхнялі людзей, цяпер пагрозьліва навісаюць над імі. Жыхары прыгнечаныя ўладаю роду фон Карштайнаў, які хавае ў горадзе свае небясьпечныя, тагасьветныя набыткі. Людзі служаць перакускаю для вампіраў, што праходзяць міма. Кожны цёмны кут — логава незьлічоных невыказных жахаў, якія палююць на гараджанаў ад змроку да сьвітанку.
Settlements.Settlement.text.village_SY1_2	Нахтхафен — вельмі нецікавае месца. Менавіта так, як падабаецца ягонай гаспадыні, графіні Габрыэле фон Бундэбад. Нахтхафен ня ўмешваецца ў дробныя звады вампірскіх інтрыгаў і не шукае вайны з Імперыяй. Гэта проста ціхая, звычайная вёска. Нічога цікавага. Толькі смачныя сяляне, занятыя сваімі справамі, пакуль не настане час карміць гаспадароў.
Settlements.Settlement.text.village_SY1_3	У Фольбургу адбылося невялікае паўстаньне сьмяротных сялянаў супраць свайго вампірскага гаспадара. Яны жахліва разарвалі графа Адуль фон Конфрыда, але з апошнім уздыхам ён пакінуў праклён. Плоць сялянаў пачала паволі гніць, аднак жыцьцё не пакідала іхных целаў. Яны сталі вечнымі рабамі мёртвага гаспадара. Цяпер гэта звар'яцелыя шкілеты, што блукаюць па сваіх былых хатах, разыгрываючы танную пародыю на жыцьцё. І лепей не нагадваць ім, кім яны сталі.
Settlements.Settlement.text.village_SY1_4	Герхоф ня сьпіць. Ягоны паранаідальны вампір, граф Ёган фон Гоаль, забараніў сон. Нібыта хітрая старая ведзьма пракляла графа, але ніхто, акрамя яго самога, ня можа гэтага пацьвердзіць. Кажуць, сонны сьмяротны мусіць жорстка забіць фон Гоаля. Таму той забараніў спаць. Сьмяротныя гараджане нэрвовыя й палахлівыя: яны крадком дрэмлюць гадзіну-другую ў цёмных закутках. Ім загадана няспынна выглядваць забойцу свайго баязьлівага гаспадара.
Settlements.Settlement.text.castle_SY1	Пра замак Тэмплехоф ходзяць паданьні. Калісьці тут жыла жорсткая графіня Эмануэль фон Тэмплехоф. Падчас змрочнай, страшнай бітвы з дварфамі, што аблажылі яе сядзібу, яна заліла замак нячыстай магіяй, ахінуўшы навакольле вечнаю ноччу. Аднак непахісныя дварфы не адступілі. Нягледзячы на вялікія страты, яны забілі ліхую графіню ў замку. Кажуць, яе пакутлівыя крыкі яшчэ доўга разносіліся залямі пасьля таго, як дварфы пакінулі там руны супраць цёмнай магіі. Нядаўна стала вядома, што некаторыя руны страцілі сілу. І ў замку зноў варушацца цёмныя істоты пад хор крыкаў.
Settlements.Settlement.text.castle_village_SY1_1	Тэмплехоф бачыў шмат кашмараў. Вёска, што раней была пад уладаю графіні-вампіркі Эмануэль фон Тэмплехоф, нядаўна стала домам для групы Сьветлых Магаў. Хоць жыхары чапляюцца за іх як за ратавальнікаў, яны дасюль шэпчуцца пра здань. Паданьне пра Шаптлівую Нэль добра вядомае тут: агідная здань перасьледуе горад і навакольле, крадзе дзяцей і забівае людзей. Нібыта ўсё тут належыць ёй.
Settlements.Settlement.text.castle_village_SY1_2	Ванхальдэнхоф — гаротная пляма на мапе Сыльваніі. Яго заснавалі для аховы замку Ванхальдэншлосэ й ягонага гаспадара, некраманта Фрыдрыха ван Галя. Калі замак заняпаў, вёска засталася месцам, дзе сыльванскія вампіры кормяцца яе жыхарамі й мучаць іх. Да сялянаў ставяцца амаль як да быдла на вольным выпасе.
Settlements.Settlement.text.town_SY2	На думку многіх графаў-вампіраў, Вальдэнхоф — сапраўдны асяродак улады Сыльваніі. Тут жыве шмат вампіраў, і менавіта тут была сядзіба Ўлада. Але часы мяняюцца. Манфрэд жыве ў Дракенхофе. Хоць Вальдэнхоф дасюль важны й поўны нежыці, ён саступае Дракенхофу. Горад ахутаны густым, нязьменным змрокам. Над зямлёю вісіць гаротная, спустошаная атмасфэра. Усе сьмяротныя ў горадзе проста жывуць дзень пры дні. Чакаючы сьмерці.
Settlements.Settlement.text.village_SY2_1	Яшчэ адно спустошанае, гаротнае месца. Сяляне для суседніх фон Карштайнаў — усяго толькі перакуска. Хоць у Мікальсдорфе й насьпявалі паўстаньні, іх душылі столькі разоў, што жыхары ператварыліся ў няшчасныя, сумныя істоты. Яны брыдуць па жыцьці без надзеі на ратунак.
Settlements.Settlement.text.village_SY2_2	На першы погляд непрыкметны Хундам — месца, пра якое ходзяць ціхія чуткі. Кажуць, мёртвыя вольна ходзяць ягонымі вуліцамі, нібы ўдаючы жывых. Іншыя кажуць пра марыянэтак, што танчаць ноч напралёт — безь нітак, але нейкім чынам жывых. Ніхто ня ведае напэўна, бо мала хто адважыўся прайсьці ягонымі вузкімі вуліцамі, зазірнуць у пыльныя крамы ці дзіўна адкрытую й прыветную карчму. Але ўсе, хто бываў паблізу, перасьцерагаюць ніколі не набліжацца да Хундаму ўначы. Бо тады выходзяць зграі вампіраў, каб танчыць і весяліцца. І яны былі б вельмі радыя патанчыць з румяным, такім сакавітым сьмяротным.
Settlements.Settlement.text.castle_SY2	Фартэца Оберштайрэ калісьці была невялікаю, але магутнаю імперскаю крэпасьцю. Яе збудавалі неўзабаве пасьля паразы Ўлада фон Карштайна пры аблозе Альтдорфу падчас адной зь вялікіх Вампірскіх войнаў у 2010 годзе імперскага летазьлічэньня. Аднак праз шмат стагодзьдзяў занядбаньня й недахопу людзей яе лёгка захапіў Конрад фон Карштайн. Хоць Імперыя вярнула фартэцу, праз шмат гадоў яе зноў узяў Манфрэд фон Карштайн і наклаў жахлівы праклён. Пры кожнай аблозе помсьлівыя здані мінулых войнаў паўстаюць, каб забіць усіх, хто пагражае фартэцы. Гэтыя духі лічаць яе сваёю, і з таго часу Імперыя ня здолела вярнуць яе.
Settlements.Settlement.text.castle_village_SY2_1	Самае дзіўнае ў Мурыэстэ — тое, што жыхары не шануюць ні Сігмара, ні іншай дазволенай дзяржаваю веры. Тутэйшыя простыя сяляне пакланяюцца суседнім вампірам як багам, прагнуць іхнай цёмнай моцы й спадзяюцца стаць аднымі зь іх. Вампіры церпяць гэта, бачачы ў вартых жалю сялянах пацешнае быдла. Вампіры ж любяць гуляць са сваёй ежаю.
Settlements.Settlement.text.castle_SY3	Фартэца Брахер вядомая як улюбёнае месца вампіраў, якія цягнуць сюды ахвяраў дзеля добрых катаваньняў. Крыкі адсюль чуваць на шмат міляў. За Брахер часта б'юцца графы-вампіры: кожны шукае новае логава, адкуль можна мучыць людзей Імперыі.
Settlements.Settlement.text.castle_village_SY3_1	Большасьць графаў-вампіраў пакідае Штадхоф у спакоі: ягоны гаспадар спраўна кіруе ім як бойняй для чалавечага быдла. Звонку гэта выглядае як звычайная гразкая вёска пасярод спустошанай зямлі, пра якую вядома вельмі мала.
Settlements.Settlement.text.castle_village_SY3_2	На паўднёвай мяжы Сыльваніі, ля гораў вакол возера Чорная Вада, ляжыць Майлхоф. Тут гадуюць верхавых жывёлаў для гаспадара навакольных земляў — чалавека... ці не.
Settlements.Settlement.text.castle_SY4	Нахтшлосэ славіцца габэленамі з чалавечай скуры. Гэта месца бязьлітаснай разьні й спусташэньня. Цемра хаваецца за кожным вуглом і ў кожнай залі праклятага замку. Пачвары вольна блукаюць калідорамі, шукаючы новых ахвяраў, каб выпрабаваць свае найноўшыя ўзоры шыцьця.
Settlements.Settlement.text.castle_village_SY4_1	Гальхоф — адно з улюбёных месцаў брэтонскіх Крывавых Рыцараў. Гэтыя крыважэрныя істоты выкарыстоўваюць яго як трэніровачны лягер і месца баляваньняў.
Settlements.Settlement.text.castle_SY5	Сэнкхоф — адна з апошніх апораў вольных людзей у Сыльваніі. Хоць афіцыйна ён пад уладаю графаў-вампіраў, чалавечыя шукальнікі прыгодаў і крыжакі часта выкарыстоўваюць Сэнкхоф і навакольны горад для выступаў супраць вампірскіх гаспадароў. Ці прынамсі як базу для пошуку скарбаў.
Settlements.Settlement.text.castle_village_SY5_1	Сэнкхоф — адна з апошніх апораў вольных людзей у Сыльваніі. Хоць афіцыйна ён пад уладаю графаў-вампіраў, чалавечыя шукальнікі прыгодаў і крыжакі часта выкарыстоўваюць Сэнкхоф і навакольны горад для выступаў супраць вампірскіх гаспадароў. Ці прынамсі як базу для пошуку скарбаў.
Settlements.Settlement.text.castle_SY6	За некалькі месяцаў да Вампірскіх войнаў вядзьмар Нургла пракляў навакольную вёску чумою. Шляхта Вартэнхофу забарыкадавалася ў замку. Сяляне малілі пра ратунак, пакуль іхная плоць пухла й лопалася ад сьмяротных нарываў, але шляхце было да іх мала справы. Унутры замку вяльможы паволі вар'яцелі й у сваіх адасобленых мурах сталі культыстамі Нургла. Вампіры забілі іх, захопліваючы Сыльванію. Але сьляды гніеньня Нургла засталіся.
Settlements.Settlement.text.castle_village_SY6_1	Пакуль шляхта Вартэнхофу замкнулася ў замку, няшчасныя душы вёскі паволі гінулі ад Гніеньня Нургла. Многія проста памерлі. Ім пашанцавала. Бо Нургл лічыць сваю хваробу бласлаўленьнем і дарам, а каб спазнаць яе спаўна, трэба жыць. Калі графы-вампіры прыйшлі ў Вартэнхоф, нешматлікія ацалелыя сяляне ахвотна пайшлі да іх у служэньне ў абмен на ацаленьне. Як толькі іхная служба слабне, гніеньне вяртаецца. Таму сяляне ўсяляк імкнуцца заставацца вернымі.
Settlements.Settlement.text.castle_village_SY6_2	Гэтая балотная вёска адасобленая ад большасьці Сыльваніі. Дабрацца сюды можна толькі лодкаю, дамы стаяць на палях, і вампірам вельмі цяжка замацавацца ў Зумпфдорфе. Сяляне й земляробы ведаюць, што тут ім не пагражаюць зомбі зь Цёмнага Балота. Але мясцовыя графы-вампіры ўсё роўна прылятаюць з замку Вартэнхоф па крывавы падатак.
Settlements.Settlement.text.castle_SY7	Замак Жэрдэншлосэ — адна з самых паўночных цьвярдыняў Сыльваніі, апора супраць Остэрмарку й дварфаў з усходу. Яго атачаюць балоты, якія вельмі ўскладняюць аблогу нападнікам.
Settlements.Settlement.text.castle_village_SY7_1	Жэрдэн — малы балотны горад, што пераважна служыць першай лініяй абароны замку Жэрдэншлосэ. У навакольлі шмат гліны.
Settlements.Settlement.text.castle_village_SY7_2	Месінгхоф — малая вёска паміж Вальдэнхофам і замкам Жэрдэншлосэ. Большасьць жыхароў раней апрацоўвала зямлю, але праз вампірскую скверну ўраджаі загінулі, а жывёла падохла. Цяпер яны зарабляюць на жыцьцё лесарубствам, сьсякаючы мёртвыя дрэвы.
