Settlements.Settlement.text.castle_MC1	Малая цьвярдыня, зь якой контратакуюць захопнікаў, што ідуць аблягаць Буйнаоркал. Дугхольд вытрымаў гады артылерыйскага абстрэлу й выглядае спустошаным, але стаіць непахісна.
Settlements.Settlement.text.castle_village_MC1_1	Старая брэтонская вёска, чые руіны служаць прытулкам тутэйшым зялёнаскурым. У вёсцы таксама ёсьць малое воўчае логава, дзе гобліны гадуюць вялізных ваўкоў, каб езьдзіць на іх у бой.
Settlements.Settlement.text.castle_village_MC1_2	Малая, даўно пакінутая вёска. Кажуць, калісьці тут нават жылі сігмарыты. Ад вёскі амаль нічога не засталося; цяпер тут толькі зьбіраюць драўніну.
Settlements.Settlement.text.castle_MC2	Крэпасьць, аздобленая чарапамі й каламі. Курган вытрымаў некалькі штурмаў, якія толькі папоўнілі збор чарапоў ягоных зялёнаскурых гаспадароў.
Settlements.Settlement.text.castle_village_MC2_1	Лягер зялёнаскурых каля вялікага дрэва-шыбеніцы, акружанага мёртвымі оркамі, што не паслухаліся сваіх босаў. Жудасны помнік орчай жорсткасьці й перасьцярога ўсім чалавечкам, што праходзяць міма. Лягер служыць пераважна майстэрняю аблогавых машынаў, а суседняе дрэва з трафэямі выдатна заахвочвае гоблінаў-работнікаў.
Settlements.Settlement.text.castle_village_MC2_2	Салёны ўцёс, дзе здабываюць мінэралы. Месца кепска абароненае й часта церпіць ад брэтонскіх контратакаў.
Settlements.Settlement.text.town_BX1	Вялікая й грозная цьвярдыня Громадракава хаваецца паміж горнымі пікамі. Мала хто бачыў яе й застаўся жывы, каб распавесьці. Умацаваную шыпамі й чарапамі Громадракаву ніводная армія ня здолела нават аблажыць. Нават славуты караль Луэн Забойца Оркаў ня здолеў знайсьці гэтае логава зялёнаскурых.
Settlements.Settlement.text.village_BX1_1	Брукватэр — бедная грамада на ўзьбярэжжы мора Мананспоорт, якая складаецца пераважна зь некалькіх занядбаных хатаў, струхлелых заезных двароў і жменькі рыбацкіх халупаў. Гэта адзінае населенае селішча на старажытнай прыбярэжнай дарозе паміж Марыенбургам і Брэтоніяй, таму яно, відаць, існуе толькі дзякуючы купцам і падарожнікам. Ходзяць чуткі, што піраты выкарыстоўваюць навакольле як базу, але афіцыйна пра гэта нічога не гаварылі й ніякіх захадаў не рабілі.
Settlements.Settlement.text.town_BX2	Орчы лягер, які з часам вырас ва ўмацаваную крэпасьць. Гобліны працуюць дзень і ноч, пераплаўляючы нарабаванае ў чалавечкаў дабро на сякалы для хлопцаў.
Settlements.Settlement.text.village_BX2_1	Логава Шэрых Троляў служыць домам групе троляў. Поўную срэбра й золата пячору неўзабаве захапіў Громадрак, а троляў сілаю «пераканалі» далучыцца да зялёнаскурай зграі.
Settlements.Settlement.text.village_BX2_2	Вапняковыя Пагоркі — вялікая каменяломня. Тутэйшыя гобліны-работнікі пакрытыя белым пылам, і хлопцы-лучнікі амаль не адрозьніваюць іх ад чалавечкаў. Тут таксама велізарныя запасы жалеза й вугалю.
Settlements.Settlement.text.castle_BX1	Логава драпежных істотаў, вядомых як хагранімы. Зялёнаскурыя ўзьвялі вакол яго ўмацаваньні. Ніхто ня ведае, хто аддаў загад, але ўсё збудавалі за некалькі дзён. З пляцоў разьні, дзе хагранімы ядуць сваіх ахвяраў, даносяцца гучныя гукі.
Settlements.Settlement.text.castle_village_BX1_1	Поле, названае ў гонар важака статку хагранімаў, служыць паляўнічымі ўгодзьдзямі гэтых мясаедных пачвараў. Навокал багата дзікага лёну, і тут часта можна ўбачыць мясцовых чалавечкаў, што спрабуюць яго зьбіраць. На іхнае няшчасьце, хагранімы ня церпяць чужынцаў на сваёй зямлі.
Settlements.Settlement.text.castle_village_BX1_2	Застава для набегаў і вырабу стрэлаў. З драўніны навакольных лясоў тут часта будуюць аблогавыя машыны.
Settlements.Settlement.text.castle_village_BX1_3	Прырэчны лягер для засадаў на караваны й мясцовых брэтонскіх сялянаў. Здабычу, напрыклад срэбра, зьбіраюць і адпраўляюць у Громадракаву.
Settlements.Settlement.text.castle_village_BX1_4	Кожную Гехаймніснахт орды шкілетаў выходзяць са сваіх курганоў. Нястомная нежыць служыць выдатнай мішэньню для кулакоў тутэйшых оркаў. Хлопцы ж так любяць добрую бойку.
Settlements.Settlement.text.castle_BX3	Мясцовы маршалак пачаў будаваць цьвярдыню, каб утаймаваць навалу зялёнаскурых. Аднак орчыя плямёны аблажылі й захапілі недабудаваную крэпасьць. Цяпер замак служыць новым зялёнаскурым босам.
Settlements.Settlement.text.castle_village_BX2_1	Пакрытая вапняком Бледная Пячора — багатая жалезам капальня. Тут працуюць гобліны, і яе здабыча мае вялікае значэньне для вайны зялёнаскурых.
Settlements.Settlement.text.castle_village_BX2_2	Малы орчы лягер ля падножжа ўцёсу з гарнізонам хлопцаў-лучнікаў, якія высочваюць дзічыну дзеля футра й скураў.
Settlements.Settlement.text.town_BZ1	Чорная цьвярдыня чорнага орка Зорбака. Гэтае высачэзнае селішча — сапраўднае ўвасабленьне моцы зялёнаскурых. Праз шыпы й высокія муры мала каму хапае адвагі нават падумаць пра набліжэньне да гэтага краю.
Settlements.Settlement.text.village_BZ1_1	Капішча Морка, вядомае вялізным круглым валуном у цэнтры. Калісьці зялёнаскурыя Чорных Шонцаў раздушылі ім цэлы брэтонскі полк.
Settlements.Settlement.text.village_BZ1_2	Брэтонскі крыжовы паход супраць зялёнаскурых ня мінуў без паразаў. Рыцар Граалю Робэр Шарлемань павёў у горы 47 рыцараў і 359 сялянаў, але страціў усё войска ў хітрай засадзе. Оркі Чорных Шонцаў скацілі вялізныя валуны ўніз па сьцежцы ў даліне й раздушылі брэтонцаў за лічаныя сэкунды.
Settlements.Settlement.text.town_BZ2	Бледныя Сёстры — група высокіх пікаў Шэрых Гораў — уражваюць позірк. Гэта поле бітваў паміж рыцарамі Жызарэ й зялёнаскурымі плямёнамі Чорных Шонцаў. Трывалае селішча часта мяняе гаспадара.
Settlements.Settlement.text.village_BZ2_1	Белы сьнег на белых вапняковых узгорках — чужынца заўважаць імгненна. У орчым лягеры ёсьць атрад хлопцаў на заўсёды лютых баявых дзіках.
Settlements.Settlement.text.castle_BZ1	Лагер Шонцаў заснавалі першыя зялёнаскурыя, што пасяліліся ў гэтым краі. Паводле паданьня, гэтыя оркі лічылі сонца ажно непрыстойна прыгожым, а некаторыя нават асьлеплі, углядаючыся ў яго. Яны палічылі гэта караю Горка (ці Морка) за недастаткова пільнае сузіраньне, таму хлопцы адразу падвоілі свае намаганьні. На іхнае няшчасьце, сьлепата зрабіла іх безабароннымі перад шэрагам брэтонскіх нападаў, якія неўзабаве іх зьнішчылі. Племя Чорных Шонцаў не падзяляе захапленьня папярэднікаў, але назва захавалася.
Settlements.Settlement.text.castle_village_BZ3_1	Даволі бязьлюдны й самотны край. Мясцовыя гобліны збудавалі на ўзгорку малы лягер, каб нарыхтоўваць драўніну для вайны, але заўсёды пачуваюцца неспакойна: у суседніх пячорах плодзяцца й хаваюцца вялізныя павукі.
Settlements.Settlement.text.town_SM1	Названая брэтонцамі цьвярдыня застаецца таямніцаю, і яе месцазнаходжаньне невядомае. Збудаваная на старых дварфскіх руінах, яна дае кругавы агляд ворагаў, што набліжаюцца, а некалькі вартавых вежаў сочаць за дарогамі ўнізе.
Settlements.Settlement.text.village_SM1_1	Старая паветка, верагодна збудаваная дварфамі, што праходзілі міма. Цяпер яна служыць назіральным пастом.
Settlements.Settlement.text.village_SM1_2	Орчая застава са слабою аховаю, але з вялікай перавагаю вышыні. Навокал блукаюць статкі дзікоў.
Settlements.Settlement.text.town_SM2	Орчая цьвярдыня з трывалымі мурамі й прыроднай абаронаю гораў за сьпінаю. Тунэлі даюць войску важную перавагу: у іх можна хавацца падчас абстрэлу.
Settlements.Settlement.text.village_SM2_1	Край багаты рэдкімі руднымі жыламі, якія толькі чакаюць здабычы.
Settlements.Settlement.text.village_SM2_2	Назіральны пункт, дзе оркі збудавалі прымітыўную вартаўнічую вежу.
Settlements.Settlement.text.town_SM3	Адна з найвышэйшых вяршыняў у сярэдзіне Шэрых Гораў. Юра мае невялікія ўмацаваньні й служыць сховішчам ваеннай здабычы. Сетка тунэляў вядзе ў іншыя крэпасьці, палягчаючы пастаўкі прыпасаў.
Settlements.Settlement.text.village_SM3_1	Лелекс калісьці быў квітнеючай грамадою з выгадным становішчам для гандлю ў краі. Потым з боку гораў адбыўся масавы орчы напад.
Settlements.Settlement.text.village_SM3_2	Ля самых дзьвярэй Імперыі ляжыць перавал Ведзьмінага Троля, пракляты людзьмі на шмат міляў навокал. Хоць старая ведзьма даўно мёртвая, гобліны й оркі часта рабуюць навакольныя землі й адступаюць у сваё злавеснае, добра абароненае жытло. Найбольш чуйным шаманам зялёнаскурых гэтае месца не падабаецца. Нешта пра агідны пах, нават для іхнай… абмежаванай чуйнасьці.
Settlements.Settlement.text.village_SM3_3	Лягер гадоўлі дзікоў. Гобліны-работнікі таксама майструюць прымітыўныя дасьпехі для баявых зьвяроў.
Settlements.Settlement.text.castle_village_SM3_1	Шэраг галерэяў, занадта вузкіх для оркаў, дзе гобліны могуць пазьбегнуць лупцоўкі ад сваіх буйнейшых суродзічаў.
Settlements.Settlement.text.castle_SM3	Стары брэтонскі замак, раздушаны валунамі, што ўпалі зьверху. На ягоных падмурках зялёнаскурыя збудавалі ўласны.
Settlements.Settlement.text.castle_village_SM2_1	Узгорак, поўны авечак. Больш тут амаль нічога не адбываецца.
Settlements.Settlement.text.castle_village_SM2_2	Логава вялізнай рачной троліхі-ведзьмы. Вакол мёртвых балотаў струменіць дзіўная магія, а навакольле патрулююць рачныя тролі. Тут амаль нічога няма, апроч мёртвай драўніны.
Settlements.Settlement.text.town_DG1	Зьнішчэньне Солянду Горбадам прынесла ордзе зялёнаскурых велізарную здабычу. Шмат скарбаў схавалі ў Секчы Ўсіх — даўно забытай сетцы падземных тунэляў, некалі пракапаных дварфамі. У сховішчы ляжалі горы жалеза, скуры й золата. Пасьля разгрому арды правадыр племя Сьмерцемолаў прыгадаў схаваныя скарбы й збудаваў над імі сваю цьвярдыню.
Settlements.Settlement.text.village_DG1_1	Сетка тунэляў і заляў Гіт-хабз служыла гоблінскім ганцам у часы Горбада Жалезнага Кіпцюра. Пасьля адкрыцьця Секчы Ўсіх тунэлі знайшлі нанова й зноў выкарыстоўваюць, рыхтуючы іх як браму для велізарнага ВАААГХу.
Settlements.Settlement.text.village_DG1_2	Агзо — малая гоблінская застава на паўночны ўсход ад Сховішча Зэрка. Тут жывуць пераважна гоблінскія паляўнічыя, якія зьбіраюць драўніну.
Settlements.Settlement.text.town_DG2	На паўночны захад ад Гітгірту стаіць старая застава Жалезная Вежа. Цяпер яна служыць татэмам Морка, уздымаючы баявы дух зялёнаскурых.
Settlements.Settlement.text.village_DG2_1	Жратвальня служыць майстэрняю зялёнаскурых і папаўняе племянны арсэнал баявымі машынамі.
